{
  "x-generator": "NSwag v14.0.0.0 (NJsonSchema v11.0.0.0 (Newtonsoft.Json v13.0.0.0))",
  "openapi": "3.0.0",
  "info": {
    "title": "CleanArchitecture API",
    "version": "1.0.0"
  },
  "paths": {
    "/api/TodoItems": {
      "get": {
        "tags": [
          "TodoItems"
        ],
        "operationId": "GetTodoItemsWithPagination",
        "parameters": [
          {
            "name": "ListId",
            "in": "query",
            "required": true,
            "schema": {
              "type": "integer",
              "format": "int32"
            },
            "x-position": 1
          },
          {
            "name": "PageNumber",
            "in": "query",
            "required": true,
            "schema": {
              "type": "integer",
              "format": "int32"
            },
            "x-position": 2
          },
          {
            "name": "PageSize",
            "in": "query",
            "required": true,
            "schema": {
              "type": "integer",
              "format": "int32"
            },
            "x-position": 3
          }
        ],
        "responses": {
          "200": {
            "description": "",
            "content": {
              "application/json": {
                "schema": {
                  "$ref": "#/components/schemas/PaginatedListOfTodoItemBriefDto"
                }
              }
            }
          }
        }
      },
      "post": {
        "tags": [
          "TodoItems"
        ],
        "operationId": "CreateTodoItem",
        "requestBody": {
          "x-name": "command",
          "content": {
            "application/json": {
              "schema": {
                "$ref": "#/components/schemas/CreateTodoItemCommand"
              }
            }
          },
          "required": true,
          "x-position": 1
        },
        "responses": {
          "200": {
            "description": "",
            "content": {
              "application/json": {
                "schema": {
                  "type": "integer",
                  "format": "int32"
                }
              }
            }
          }
        }
      }
    },
    "/api/TodoItems/{id}": {
      "put": {
        "tags": [
          "TodoItems"
        ],
        "operationId": "UpdateTodoItem",
        "parameters": [
          {
            "name": "id",
            "in": "path",
            "required": true,
            "schema": {
              "type": "integer",
              "format": "int32"
            },
            "x-position": 1
          }
        ],
        "requestBody": {
          "x-name": "command",
          "content": {
            "application/json": {
              "schema": {
                "$ref": "#/components/schemas/UpdateTodoItemCommand"
              }
            }
          },
          "required": true,
          "x-position": 2
        },
        "responses": {
          "200": {
            "description": ""
          }
        }
      },
      "delete": {
        "tags": [
          "TodoItems"
        ],
        "operationId": "DeleteTodoItem",
        "parameters": [
          {
            "name": "id",
            "in": "path",
            "required": true,
            "schema": {
              "type": "integer",
              "format": "int32"
            },
            "x-position": 1
          }
        ],
        "responses": {
          "200": {
            "description": ""
          }
        }
      }
    },
    "/api/TodoItems/UpdateDetail/{id}": {
      "put": {
        "tags": [
          "TodoItems"
        ],
        "operationId": "UpdateTodoItemDetail",
        "parameters": [
          {
            "name": "id",
            "in": "path",
            "required": true,
            "schema": {
              "type": "integer",
              "format": "int32"
            },
            "x-position": 1
          }
        ],
        "requestBody": {
          "x-name": "command",
          "content": {
            "application/json": {
              "schema": {
                "$ref": "#/components/schemas/UpdateTodoItemDetailCommand"
              }
            }
          },
          "required": true,
          "x-position": 2
        },
        "responses": {
          "200": {
            "description": ""
          }
        }
      }
    },
    "/api/TodoLists": {
      "get": {
        "tags": [
          "TodoLists"
        ],
        "operationId": "GetTodoLists",
        "responses": {
          "200": {
            "description": "",
            "content": {
              "application/json": {
                "schema": {
                  "$ref": "#/components/schemas/TodosVm"
                }
              }
            }
          }
        }
      },
      "post": {
        "tags": [
          "TodoLists"
        ],
        "operationId": "CreateTodoList",
        "requestBody": {
          "x-name": "command",
          "content": {
            "application/json": {
              "schema": {
                "$ref": "#/components/schemas/CreateTodoListCommand"
              }
            }
          },
          "required": true,
          "x-position": 1
        },
        "responses": {
          "200": {
            "description": "",
            "content": {
              "application/json": {
                "schema": {
                  "type": "integer",
                  "format": "int32"
                }
              }
            }
          }
        }
      }
    },
    "/api/TodoLists/{id}": {
      "put": {
        "tags": [
          "TodoLists"
        ],
        "operationId": "UpdateTodoList",
        "parameters": [
          {
            "name": "id",
            "in": "path",
            "required": true,
            "schema": {
              "type": "integer",
              "format": "int32"
            },
            "x-position": 1
          }
        ],
        "requestBody": {
          "x-name": "command",
          "content": {
            "application/json": {
              "schema": {
                "$ref": "#/components/schemas/UpdateTodoListCommand"
              }
            }
          },
          "required": true,
          "x-position": 2
        },
        "responses": {
          "200": {
            "description": ""
          }
        }
      },
      "delete": {
        "tags": [
          "TodoLists"
        ],
        "operationId": "DeleteTodoList",
        "parameters": [
          {
            "name": "id",
            "in": "path",
            "required": true,
            "schema": {
              "type": "integer",
              "format": "int32"
            },
            "x-position": 1
          }
        ],
        "responses": {
          "200": {
            "description": ""
          }
        }
      }
    },
    "/api/WeatherForecasts": {
      "get": {
        "tags": [
          "WeatherForecasts"
        ],
        "operationId": "GetWeatherForecasts",
        "responses": {
          "200": {
            "description": "",
            "content": {
              "application/json": {
                "schema": {
                  "type": "array",
                  "items": {
                    "$ref": "#/components/schemas/WeatherForecast"
                  }
                }
              }
            }
          }
        }
      }
    }
  },
  "components": {
    "schemas": {
      "PaginatedListOfTodoItemBriefDto": {
        "type": "object",
        "additionalProperties": false,
        "properties": {
          "items": {
            "type": "array",
            "items": {
              "$ref": "#/components/schemas/TodoItemBriefDto"
            }
          },
          "pageNumber": {
            "type": "integer",
            "format": "int32"
          },
          "totalPages": {
            "type": "integer",
            "format": "int32"
          },
          "totalCount": {
            "type": "integer",
            "format": "int32"
          },
          "hasPreviousPage": {
            "type": "boolean"
          },
          "hasNextPage": {
            "type": "boolean"
          }
        }
      },
      "TodoItemBriefDto": {
        "type": "object",
        "additionalProperties": false,
        "properties": {
          "id": {
            "type": "integer",
            "format": "int32"
          },
          "listId": {
            "type": "integer",
            "format": "int32"
          },
          "title": {
            "type": "string",
            "nullable": true
          },
          "done": {
            "type": "boolean"
          }
        }
      },
      "CreateTodoItemCommand": {
        "type": "object",
        "additionalProperties": false,
        "required": [
          "title"
        ],
        "properties": {
          "listId": {
            "type": "integer",
            "format": "int32"
          },
          "title": {
            "type": "string",
            "maxLength": 200,
            "minLength": 0,
            "nullable": true
          }
        }
      },
      "UpdateTodoItemCommand": {
        "type": "object",
        "additionalProperties": false,
        "required": [
          "title"
        ],
        "properties": {
          "id": {
            "type": "integer",
            "format": "int32"
          },
          "title": {
            "type": "string",
            "maxLength": 200,
            "minLength": 0,
            "nullable": true
          },
          "done": {
            "type": "boolean"
          }
        }
      },
      "UpdateTodoItemDetailCommand": {
        "type": "object",
        "additionalProperties": false,
        "properties": {
          "id": {
            "type": "integer",
            "format": "int32"
          },
          "listId": {
            "type": "integer",
            "format": "int32"
          },
          "priority": {
            "$ref": "#/components/schemas/PriorityLevel"
          },
          "note": {
            "type": "string",
            "nullable": true
          }
        }
      },
      "PriorityLevel": {
        "type": "integer",
        "description": "",
        "x-enumNames": [
          "None",
          "Low",
          "Medium",
          "High"
        ],
        "enum": [
          0,
          1,
          2,
          3
        ]
      },
      "TodosVm": {
        "type": "object",
        "additionalProperties": false,
        "properties": {
          "priorityLevels": {
            "type": "array",
            "items": {
              "$ref": "#/components/schemas/LookupDto"
            }
          },
          "lists": {
            "type": "array",
            "items": {
              "$ref": "#/components/schemas/TodoListDto"
            }
          }
        }
      },
      "LookupDto": {
        "type": "object",
        "additionalProperties": false,
        "properties": {
          "id": {
            "type": "integer",
            "format": "int32"
          },
          "title": {
            "type": "string",
            "nullable": true
          }
        }
      },
      "TodoListDto": {
        "type": "object",
        "additionalProperties": false,
        "properties": {
          "id": {
            "type": "integer",
            "format": "int32"
          },
          "title": {
            "type": "string",
            "nullable": true
          },
          "colour": {
            "type": "string",
            "nullable": true
          },
          "items": {
            "type": "array",
            "items": {
              "$ref": "#/components/schemas/TodoItemDto"
            }
          }
        }
      },
      "TodoItemDto": {
        "type": "object",
        "additionalProperties": false,
        "properties": {
          "id": {
            "type": "integer",
            "format": "int32"
          },
          "listId": {
            "type": "integer",
            "format": "int32"
          },
          "title": {
            "type": "string",
            "nullable": true
          },
          "done": {
            "type": "boolean"
          },
          "priority": {
            "type": "integer",
            "format": "int32"
          },
          "note": {
            "type": "string",
            "nullable": true
          }
        }
      },
      "CreateTodoListCommand": {
        "type": "object",
        "additionalProperties": false,
        "required": [
          "title"
        ],
        "properties": {
          "title": {
            "type": "string",
            "maxLength": 200,
            "minLength": 0,
            "nullable": true
          }
        }
      },
      "UpdateTodoListCommand": {
        "type": "object",
        "additionalProperties": false,
        "required": [
          "title"
        ],
        "properties": {
          "id": {
            "type": "integer",
            "format": "int32"
          },
          "title": {
            "type": "string",
            "maxLength": 200,
            "minLength": 0,
            "nullable": true
          }
        }
      },
      "WeatherForecast": {
        "type": "object",
        "additionalProperties": false,
        "properties": {
          "date": {
            "type": "string",
            "format": "date-time"
          },
          "temperatureC": {
            "type": "integer",
            "format": "int32"
          },
          "temperatureF": {
            "type": "integer",
            "format": "int32"
          },
          "summary": {
            "type": "string",
            "nullable": true
          }
        }
      }
    }
  }
}